Id,Name,Category,Price,Description,Rating,ImageUrl,Brand,Review
B0CXXXQ64M,"Hair Dryer Brush 6 in 1 Detachable Hair Dryer & Volumizer Blow Dryer Brush, Hair Auto Wrap Hair Dryer and Volumizer Negative Ionic Air Hot Air Brush for Hair Drying Straightening Curling Styling",dryer,109.99,,4.5 ,https://m.media-amazon.com/images/I/71QiIw-aCXL.__AC_SX300_SY300_QL70_ML2_.jpg,Yitrust,"This is a great blow dryer, it's easy to use and all the fittings are easy to change in between. I like the hair curler wand part the most because it's so easy to get some loose curls with it. I recommend this."
B0CXXXQ64M,"Hair Dryer Brush 6 in 1 Detachable Hair Dryer & Volumizer Blow Dryer Brush, Hair Auto Wrap Hair Dryer and Volumizer Negative Ionic Air Hot Air Brush for Hair Drying Straightening Curling Styling",dryer,109.99,,4.5 ,https://m.media-amazon.com/images/I/71QiIw-aCXL.__AC_SX300_SY300_QL70_ML2_.jpg,Yitrust,"This thing is a workhorse!  I am shocked at how hard this little thing blows air.  My hair is dry in half the time but then again,  I have thin fine hair so it doesn't take very long.  Still,  this guy does it in half the time that it takes my older blow dryers.I've used all the attachments and I have to say I don't think they're ideal for my type of hair.  As stated above,  it's fine and thin and also shoulder length so not very long.  Although I was able to use the brush attachments it was difficult getting all my strays to cooperate.  I'm from an older generation so the curler attachment was difficult for me to get used to.  It's a great unit,  for sure because my niece used it on her beautiful luscious hair and the attachments worked great.  Her hair looked amazing.One thing I'm not crazy about is when using it as a curling iron or any attachment you have to hold it from the top part or it will fold while you're using it.  You have to remember,  it's a blow dryer,  it folds into the shape of a blow dryer.  So,  having a long barrel and having to hold it from the top half while using the attachments might take some getting used to."
B0CJHVMK4B,"Faszin Hair Dryer, Lightweight Blow Dryer with 110,000 RPM High-Speed Motor for Fast Drying, 200 Million Ionic Hairdryer with Auto-Clean, Low Noise, and 3 Magnetic Nozzles for Travel, Salon, Home",dryer,169.99,,4.4 ,https://m.media-amazon.com/images/I/61mZueFEaPL.__AC_SX300_SY300_QL70_ML2_.jpg,Faszin,Le temps de s√©chage a coup√© de moiti√©J‚Äôai beaucoup de cheveux et je l‚Äôadore
B0CJHVMK4B,"Faszin Hair Dryer, Lightweight Blow Dryer with 110,000 RPM High-Speed Motor for Fast Drying, 200 Million Ionic Hairdryer with Auto-Clean, Low Noise, and 3 Magnetic Nozzles for Travel, Salon, Home",dryer,169.99,,4.4 ,https://m.media-amazon.com/images/I/61mZueFEaPL.__AC_SX300_SY300_QL70_ML2_.jpg,Faszin,"Suite √† une recommandation d une coiffeuse J ai achet√© ce s√©choir alors le service impeccable et rapide ,tr√®s joli , et belle qualit√©  super achat"
B0CJHVMK4B,"Faszin Hair Dryer, Lightweight Blow Dryer with 110,000 RPM High-Speed Motor for Fast Drying, 200 Million Ionic Hairdryer with Auto-Clean, Low Noise, and 3 Magnetic Nozzles for Travel, Salon, Home",dryer,169.99,,4.4 ,https://m.media-amazon.com/images/I/61mZueFEaPL.__AC_SX300_SY300_QL70_ML2_.jpg,Faszin,"The only reason I didn't give 5 stars is because it's not dual voltage, automatic or switchable. So you must order the correct model for your country's electrical requirements."
B0CJHVMK4B,"Faszin Hair Dryer, Lightweight Blow Dryer with 110,000 RPM High-Speed Motor for Fast Drying, 200 Million Ionic Hairdryer with Auto-Clean, Low Noise, and 3 Magnetic Nozzles for Travel, Salon, Home",dryer,169.99,,4.4 ,https://m.media-amazon.com/images/I/61mZueFEaPL.__AC_SX300_SY300_QL70_ML2_.jpg,Faszin,Achet√© pour servir professionnellement. Bon achat
B0CJHVMK4B,"Faszin Hair Dryer, Lightweight Blow Dryer with 110,000 RPM High-Speed Motor for Fast Drying, 200 Million Ionic Hairdryer with Auto-Clean, Low Noise, and 3 Magnetic Nozzles for Travel, Salon, Home",dryer,169.99,,4.4 ,https://m.media-amazon.com/images/I/61mZueFEaPL.__AC_SX300_SY300_QL70_ML2_.jpg,Faszin,"The media could not be loaded.UPDATE: There was a bit of a learning curve with this hairdryer for me but now that I‚Äôve got the technique down I have completely switched to this hair dryer and I‚Äôm increasing my review to 5 stars because I love this hair dryer. It‚Äôs fast, it doesn‚Äôt feel burning hot on the top setting and most of all it‚Äôs lightweight. This hair dryer has made drying my hair so much easier. I highly recommend, especially if you struggle physically to dry your hair.Original review: I have difficulty holding up a traditional hair dryer so I‚Äôve been looking for a lightweight one to use as my regular hair dryer and was very excited to give this one a go.This hair dryer is very light and weighs less than a pound. All the attachments are magnetic and allow you to rotate them to the direction you want or easily switch between attachments and the back filter cover is also magnetic. The two buttons at the side of the handle control the temperature and the speed, the button inside is to switch to cool and the switch on the front turns it on and off. There are 4 temperature settings including cool shot and 3 speeds. It comes with a really long cord, which is wonderful, so it‚Äôs easy to move around and do other things while drying. The placement of the buttons on the side is a little annoying as it‚Äôs easy to accidentally switch the settings but it only takes a second to fix.I have a lot of very fine wavy hair that I usually blow dry straight. This hairdryer is very powerful and I find that if I use it on the highest setting it blows around my hair too much (even with the straightening attachment) and if I blow dry my hair upside down it makes it enormous and frizzy. I tend to use the two higher heat settings but on the second speed setting and that seems to work best for my hair.. Probably my favourite feature is that you don‚Äôt feel the heat with this hairdryer the way you normally would and I find it much more tolerable. I tend to only do curly hair in the summer so I haven‚Äôt had a chance to try the diffuser yet but I‚Äôm concerned it won‚Äôt work with my hair given the frizz and volume it creates when using it upside down but it might work on the lowest speed setting.I really like this hair dryer as it‚Äôs lightweight, dries my hair very fast, and it doesn‚Äôt get overly hot when using. I do have to be careful how I use it with my fine hair otherwise it ends up a giant frizzy mess, but if I get it right it does a really good quick job."
B0CJHVMK4B,"Faszin Hair Dryer, Lightweight Blow Dryer with 110,000 RPM High-Speed Motor for Fast Drying, 200 Million Ionic Hairdryer with Auto-Clean, Low Noise, and 3 Magnetic Nozzles for Travel, Salon, Home",dryer,169.99,,4.4 ,https://m.media-amazon.com/images/I/61mZueFEaPL.__AC_SX300_SY300_QL70_ML2_.jpg,Faszin,"I am using this high-end hair dryer on my dogs. Now, now, before you stop reading, let me explain my reasoning. I have 4 dogs that need extensive grooming time after each bath, and it takes ages to even get them to the drying table. So, for sanity's sake, I need to shorten drying time as much as possible. I even have a whole enclosed basement setup with 2 fans, an air heater and my old Conair hair dryer. This summer I was getting very frustrated with just how slow it is to get my doggos dry and how frizzled my double coated terrier/poodle gets no matter what I spray on him. I was looking for a more powerful dryer that could help us in our impending time of need....dreaded snowy slushy winter. So, when I saw this Faszin¬†ionic hair dryer for a demo on Vine, I grabbed it in a millisecond. I used this dryer twice on each of my dogs, and once on myself for a total of 9 occasions and 5.5 hrs. Here are my thoughts:-Favourite must have feature: self cleaning filter. The intake on this dryer is at the back of the unit. You first remove the magnetic perforated protector to get at the inner filter. Then you press a button to blow air in reverse out of the filter, and voila! all that dog undercoat and dander that gets caught by the intake filter screen gets blown out. This useful feature will maintain performance and extend the life of the hair dryer.-This dryer has performed non-stop¬†in all the sessions. I am using it at high speed and on cool or sometimes low heat. The highest setting is really fast, which helps part the curly hair on the poodles and get air circulating close to the skin. The air flow is stable and I feel no overheating.-This dryer¬†is low noise even at high power, very much a plus when using it for extended periods of time and working on dogs.-This dryer is pretty lightweight for its size and power, I really appreciate my arms not getting tired from all the maneuvering I have to do. My older Conair dryer was a much heavier unit, using this Faszin dryer feels almost like handling a toy.-My frizzy beast was tamed, well almost. He still needs a spritz at the end, but I did notice considerably less overall frizz. I take this as a win.-The biggest impact this dryer brings is cutting the total drying time in 1/2. Each dog used to take me on average 1 hour to dry, now the average has dropped to 35 minutes.Overall, I recommend this dryer for a thick and full head of human hair and of course, for dogs with dense or long coats. It is mighty expensive so I hope my experience with it gives you insight into its value. You get what you pay for with this one."
B0CJHVMK4B,"Faszin Hair Dryer, Lightweight Blow Dryer with 110,000 RPM High-Speed Motor for Fast Drying, 200 Million Ionic Hairdryer with Auto-Clean, Low Noise, and 3 Magnetic Nozzles for Travel, Salon, Home",dryer,169.99,,4.4 ,https://m.media-amazon.com/images/I/61mZueFEaPL.__AC_SX300_SY300_QL70_ML2_.jpg,Faszin,"My husband gifted me this blow dryer for Christmas 2023, in March it quit blowing hot air , everything else worked on but the hot. I would like to send back too have prepared or replaced, but I am unable to find any info on this product to do so. Any reply would be appreciated.  ."
B0CJHVMK4B,"Faszin Hair Dryer, Lightweight Blow Dryer with 110,000 RPM High-Speed Motor for Fast Drying, 200 Million Ionic Hairdryer with Auto-Clean, Low Noise, and 3 Magnetic Nozzles for Travel, Salon, Home",dryer,169.99,,4.4 ,https://m.media-amazon.com/images/I/61mZueFEaPL.__AC_SX300_SY300_QL70_ML2_.jpg,Faszin,I was so pleased with this product.The seller has went above and beyond to ensure a quality product for an affordable price . That is easy to navigate. Certainly as advertised and still exceeded my expectations. Would make a great gift!
B0CJHVMK4B,"Faszin Hair Dryer, Lightweight Blow Dryer with 110,000 RPM High-Speed Motor for Fast Drying, 200 Million Ionic Hairdryer with Auto-Clean, Low Noise, and 3 Magnetic Nozzles for Travel, Salon, Home",dryer,169.99,,4.4 ,https://m.media-amazon.com/images/I/61mZueFEaPL.__AC_SX300_SY300_QL70_ML2_.jpg,Faszin,"FYI: its dual voltage ( US/CA plug) will need adapter socketDimensions ‚Äé29.5 x 24.5 x 8.8 cm; 300 gm,  includes hair dryer, smoothing /styling nozzle, diffuser'üòòBEST FOE ME; design, velocity, easy to hold, great build, easy LED screen. clip on accessories. overheat safety/ surge feature. cold setting,  cool shot button.for me I need fast, portable device when I am going to business travels or to a beach wedding read it I have flyaway hair which is long about 14 inches, and dense growth. This works well, enough for a portable travel friendly hair dryer. Add about 3 pounds it is easy to use by right and left hand, and the airflow is fast and furious at 1600 watts  not quiet but the sound is from the air coming out not the motor , doesn't get hot in the hand accept the front tip . Attachments are easy too put on take off they have magnets. Dries fast without damaging, I don't have to flat iron as much.TIPS:-for maintenance, clean the filter with a dry cloth, or a handheld vacuum to remove residue and prevent clogs in the airflow, I don't wrap the calls around the device I wrap them separately and and use a hair tie to secure. Extra hair products post wash, create build up and reduce efficiency of drying, increasing drying time. great for sharing with friends- so many settings different- but style your hair first- you may never get it back . Sharing is caring, I ‚ù§ to share my trials. Hope this helps ‚úå"
B0CJHVMK4B,"Faszin Hair Dryer, Lightweight Blow Dryer with 110,000 RPM High-Speed Motor for Fast Drying, 200 Million Ionic Hairdryer with Auto-Clean, Low Noise, and 3 Magnetic Nozzles for Travel, Salon, Home",dryer,169.99,,4.4 ,https://m.media-amazon.com/images/I/61mZueFEaPL.__AC_SX300_SY300_QL70_ML2_.jpg,Faszin,Very nice dryer. You can adjust the speed as well as the temperatures. It is very lightweight which is great if you are awake or have disabilities that make it hard to hold things up.
